Ship Date Key,Ship Date,Ship Year,Ship Month,Ship Day
700000,2012-07-31,2012,7,31
700001,2013-02-07,2013,2,7
700002,2013-10-18,2013,10,18
700003,2013-01-30,2013,1,30
700004,2013-11-06,2013,11,6
700005,2013-07-01,2013,7,1
700006,2011-11-09,2011,11,9
700007,2012-04-18,2012,4,18
700008,2014-10-21,2014,10,21
700009,2012-01-31,2012,1,31
700010,2011-04-09,2011,4,9
700011,2012-04-22,2012,4,22
700012,2011-12-29,2011,12,29
700013,2012-11-13,2012,11,13
700014,2013-06-08,2013,6,8
700015,2014-08-03,2014,8,3
700016,2014-11-06,2014,11,6
700017,2014-09-14,2014,9,14
700018,2014-02-01,2014,2,1
700019,2014-12-07,2014,12,7
700020,2012-08-10,2012,8,10
700021,2011-10-31,2011,10,31
700022,2011-05-03,2011,5,3
700023,2013-03-01,2013,3,1
700024,2014-08-01,2014,8,1
700025,2014-09-08,2014,9,8
700026,2011-12-20,2011,12,20
700027,2011-03-17,2011,3,17
700028,2013-03-12,2013,3,12
700029,2012-02-25,2012,2,25
700030,2011-12-30,2011,12,30
700031,2012-07-19,2012,7,19
700032,2012-10-15,2012,10,15
700033,2011-11-05,2011,11,5
700034,2011-12-14,2011,12,14
700035,2011-09-15,2011,9,15
700036,2011-09-14,2011,9,14
700037,2014-11-05,2014,11,5
700038,2014-01-18,2014,1,18
700039,2011-01-11,2011,1,11
700040,2013-08-26,2013,8,26
700041,2014-11-15,2014,11,15
700042,2014-09-28,2014,9,28
700043,2012-12-17,2012,12,17
700044,2011-09-25,2011,9,25
700045,2011-09-28,2011,9,28
700046,2013-03-08,2013,3,8
700047,2014-08-29,2014,8,29
700048,2014-05-01,2014,5,1
700049,2014-12-20,2014,12,20
700050,2012-06-19,2012,6,19
700051,2014-09-21,2014,9,21
700052,2014-07-25,2014,7,25
700053,2013-12-18,2013,12,18
700054,2012-05-31,2012,5,31
700055,2012-03-20,2012,3,20
700056,2012-05-28,2012,5,28
700057,2014-08-06,2014,8,6
700058,2014-08-27,2014,8,27
700059,2014-03-13,2014,3,13
700060,2012-11-08,2012,11,8
700061,2014-08-16,2014,8,16
700062,2013-09-03,2013,9,3
700063,2014-01-23,2014,1,23
700064,2013-12-04,2013,12,4
700065,2014-12-08,2014,12,8
700066,2014-12-19,2014,12,19
700067,2014-11-20,2014,11,20
700068,2011-11-11,2011,11,11
700069,2013-06-09,2013,6,9
700070,2011-11-23,2011,11,23
700071,2013-03-31,2013,3,31
700072,2012-09-22,2012,9,22
700073,2014-05-18,2014,5,18
700074,2012-03-22,2012,3,22
700075,2013-11-25,2013,11,25
700076,2011-10-28,2011,10,28
700077,2014-11-23,2014,11,23
700078,2014-10-30,2014,10,30
700079,2014-01-19,2014,1,19
700080,2014-08-23,2014,8,23
700081,2013-02-05,2013,2,5
700082,2012-09-21,2012,9,21
700083,2013-11-23,2013,11,23
700084,2012-06-13,2012,6,13
700085,2013-10-31,2013,10,31
700086,2013-12-14,2013,12,14
700087,2013-05-07,2013,5,7
700088,2013-12-02,2013,12,2
700089,2014-12-25,2014,12,25
700090,2012-05-07,2012,5,7
700091,2013-11-29,2013,11,29
700092,2012-12-02,2012,12,2
700093,2012-09-29,2012,9,29
700094,2013-09-05,2013,9,5
700095,2013-08-01,2013,8,1
700096,2014-11-25,2014,11,25
700097,2012-10-14,2012,10,14
700098,2011-08-11,2011,8,11
700099,2014-11-14,2014,11,14
700100,2013-04-28,2013,4,28
700101,2013-12-26,2013,12,26
700102,2013-03-13,2013,3,13
700103,2013-04-21,2013,4,21
700104,2012-04-05,2012,4,5
700105,2012-12-28,2012,12,28
700106,2013-04-19,2013,4,19
700107,2011-05-26,2011,5,26
700108,2012-05-26,2012,5,26
700109,2013-05-20,2013,5,20
700110,2011-12-08,2011,12,8
700111,2011-02-19,2011,2,19
700112,2013-06-02,2013,6,2
700113,2013-10-02,2013,10,2
700114,2011-12-21,2011,12,21
700115,2013-12-22,2013,12,22
700116,2014-03-21,2014,3,21
700117,2013-05-28,2013,5,28
700118,2011-10-17,2011,10,17
700119,2014-09-18,2014,9,18
700120,2013-11-27,2013,11,27
700121,2013-11-10,2013,11,10
700122,2014-07-23,2014,7,23
700123,2012-08-16,2012,8,16
700124,2013-08-30,2013,8,30
700125,2012-01-15,2012,1,15
700126,2012-06-17,2012,6,17
700127,2011-12-03,2011,12,3
700128,2013-06-27,2013,6,27
700129,2012-12-08,2012,12,8
700130,2013-09-07,2013,9,7
700131,2014-09-20,2014,9,20
700132,2014-09-13,2014,9,13
700133,2012-08-08,2012,8,8
700134,2014-12-11,2014,12,11
700135,2012-10-28,2012,10,28
700136,2012-07-15,2012,7,15
700137,2013-08-29,2013,8,29
700138,2011-05-17,2011,5,17
700139,2011-11-06,2011,11,6
700140,2011-09-22,2011,9,22
700141,2014-01-11,2014,1,11
700142,2013-03-15,2013,3,15
700143,2012-02-05,2012,2,5
700144,2013-09-11,2013,9,11
700145,2014-04-13,2014,4,13
700146,2013-03-06,2013,3,6
700147,2013-10-04,2013,10,4
700148,2013-01-15,2013,1,15
700149,2014-08-25,2014,8,25
700150,2014-03-18,2014,3,18
700151,2013-03-26,2013,3,26
700152,2014-07-13,2014,7,13
700153,2013-06-15,2013,6,15
700154,2011-08-17,2011,8,17
700155,2013-01-03,2013,1,3
700156,2013-12-03,2013,12,3
700157,2012-10-11,2012,10,11
700158,2014-10-25,2014,10,25
700159,2011-06-19,2011,6,19
700160,2014-04-05,2014,4,5
700161,2011-05-20,2011,5,20
700162,2014-02-15,2014,2,15
700163,2013-10-12,2013,10,12
700164,2011-09-24,2011,9,24
700165,2014-07-19,2014,7,19
700166,2014-11-28,2014,11,28
700167,2011-06-02,2011,6,2
700168,2014-04-03,2014,4,3
700169,2014-07-20,2014,7,20
700170,2014-09-03,2014,9,3
700171,2012-12-26,2012,12,26
700172,2013-05-04,2013,5,4
700173,2011-08-21,2011,8,21
700174,2013-06-29,2013,6,29
700175,2013-01-24,2013,1,24
700176,2013-10-27,2013,10,27
700177,2014-07-14,2014,7,14
700178,2013-12-29,2013,12,29
700179,2014-09-01,2014,9,1
700180,2011-11-22,2011,11,22
700181,2011-06-11,2011,6,11
700182,2011-10-13,2011,10,13
700183,2013-06-10,2013,6,10
700184,2014-12-17,2014,12,17
700185,2014-10-17,2014,10,17
700186,2014-06-11,2014,6,11
700187,2011-02-16,2011,2,16
700188,2014-06-22,2014,6,22
700189,2013-09-22,2013,9,22
700190,2011-08-09,2011,8,9
700191,2011-06-21,2011,6,21
700192,2012-08-04,2012,8,4
700193,2012-07-16,2012,7,16
700194,2013-08-02,2013,8,2
700195,2014-05-25,2014,5,25
700196,2011-02-15,2011,2,15
700197,2013-09-27,2013,9,27
700198,2014-06-04,2014,6,4
700199,2013-10-03,2013,10,3
700200,2011-07-20,2011,7,20
700201,2013-07-28,2013,7,28
700202,2014-11-03,2014,11,3
700203,2013-07-30,2013,7,30
700204,2014-10-11,2014,10,11
700205,2013-12-06,2013,12,6
700206,2014-11-10,2014,11,10
700207,2011-09-23,2011,9,23
700208,2011-06-24,2011,6,24
700209,2014-05-13,2014,5,13
700210,2014-09-27,2014,9,27
700211,2014-11-29,2014,11,29
700212,2012-04-01,2012,4,1
700213,2011-11-15,2011,11,15
700214,2012-08-06,2012,8,6
700215,2014-12-26,2014,12,26
700216,2014-07-04,2014,7,4
700217,2013-01-27,2013,1,27
700218,2011-05-25,2011,5,25
700219,2014-10-01,2014,10,1
700220,2011-11-08,2011,11,8
700221,2014-01-30,2014,1,30
700222,2014-09-19,2014,9,19
700223,2012-12-05,2012,12,5
700224,2011-12-24,2011,12,24
700225,2013-05-30,2013,5,30
700226,2011-04-30,2011,4,30
700227,2011-10-11,2011,10,11
700228,2013-09-24,2013,9,24
700229,2011-09-21,2011,9,21
700230,2014-06-07,2014,6,7
700231,2014-04-17,2014,4,17
700232,2012-11-24,2012,11,24
700233,2014-03-08,2014,3,8
700234,2012-07-28,2012,7,28
700235,2014-11-09,2014,11,9
700236,2014-11-24,2014,11,24
700237,2011-06-14,2011,6,14
700238,2012-09-19,2012,9,19
700239,2011-11-25,2011,11,25
700240,2012-08-12,2012,8,12
700241,2013-03-23,2013,3,23
700242,2014-01-04,2014,1,4
700243,2012-10-09,2012,10,9
700244,2012-08-07,2012,8,7
700245,2012-10-02,2012,10,2
700246,2014-03-29,2014,3,29
700247,2014-11-21,2014,11,21
700248,2011-12-01,2011,12,1
700249,2012-11-27,2012,11,27
700250,2012-12-06,2012,12,6
700251,2012-12-24,2012,12,24
700252,2012-09-15,2012,9,15
700253,2013-11-07,2013,11,7
700254,2013-11-18,2013,11,18
700255,2013-04-10,2013,4,10
700256,2014-09-02,2014,9,2
700257,2012-12-15,2012,12,15
700258,2011-04-04,2011,4,4
700259,2012-02-08,2012,2,8
700260,2013-06-01,2013,6,1
700261,2012-09-01,2012,9,1
700262,2011-06-17,2011,6,17
700263,2014-08-31,2014,8,31
700264,2014-03-23,2014,3,23
700265,2012-08-28,2012,8,28
700266,2014-08-19,2014,8,19
700267,2013-08-04,2013,8,4
700268,2013-06-13,2013,6,13
700269,2014-12-27,2014,12,27
700270,2012-12-18,2012,12,18
700271,2012-02-26,2012,2,26
700272,2014-10-13,2014,10,13
700273,2014-04-23,2014,4,23
700274,2013-06-17,2013,6,17
700275,2013-09-20,2013,9,20
700276,2014-12-03,2014,12,3
700277,2014-06-26,2014,6,26
700278,2011-08-20,2011,8,20
700279,2014-01-16,2014,1,16
700280,2012-12-30,2012,12,30
700281,2014-09-25,2014,9,25
700282,2011-01-13,2011,1,13
700283,2013-10-10,2013,10,10
700284,2014-05-04,2014,5,4
700285,2011-09-30,2011,9,30
700286,2014-06-28,2014,6,28
700287,2011-04-08,2011,4,8
700288,2014-08-09,2014,8,9
700289,2013-11-22,2013,11,22
700290,2014-02-16,2014,2,16
700291,2012-08-19,2012,8,19
700292,2012-09-02,2012,9,2
700293,2011-09-12,2011,9,12
700294,2012-08-11,2012,8,11
700295,2013-02-22,2013,2,22
700296,2014-04-12,2014,4,12
700297,2012-06-20,2012,6,20
700298,2014-01-02,2014,1,2
700299,2014-07-01,2014,7,1
700300,2012-01-18,2012,1,18
700301,2012-06-14,2012,6,14
700302,2014-03-22,2014,3,22
700303,2012-11-17,2012,11,17
700304,2013-12-01,2013,12,1
700305,2014-05-19,2014,5,19
700306,2014-12-24,2014,12,24
700307,2013-09-14,2013,9,14
700308,2013-01-13,2013,1,13
700309,2014-06-27,2014,6,27
700310,2014-02-11,2014,2,11
700311,2014-06-05,2014,6,5
700312,2014-04-18,2014,4,18
700313,2014-02-27,2014,2,27
700314,2013-12-25,2013,12,25
700315,2014-06-19,2014,6,19
700316,2014-03-17,2014,3,17
700317,2014-06-12,2014,6,12
700318,2012-12-07,2012,12,7
700319,2013-06-18,2013,6,18
700320,2014-11-07,2014,11,7
700321,2013-08-20,2013,8,20
700322,2011-06-05,2011,6,5
700323,2011-07-15,2011,7,15
700324,2011-10-03,2011,10,3
700325,2011-10-24,2011,10,24
700326,2011-11-20,2011,11,20
700327,2014-07-18,2014,7,18
700328,2012-02-09,2012,2,9
700329,2011-01-27,2011,1,27
700330,2012-08-05,2012,8,5
700331,2014-10-31,2014,10,31
700332,2012-03-04,2012,3,4
700333,2012-06-12,2012,6,12
700334,2011-02-26,2011,2,26
700335,2014-09-17,2014,9,17
700336,2013-07-27,2013,7,27
700337,2013-04-01,2013,4,1
700338,2013-11-05,2013,11,5
700339,2013-05-06,2013,5,6
700340,2014-05-12,2014,5,12
700341,2011-09-10,2011,9,10
700342,2012-04-26,2012,4,26
700343,2013-11-04,2013,11,4
700344,2011-04-17,2011,4,17
700345,2014-05-26,2014,5,26
700346,2014-11-04,2014,11,4
700347,2013-04-14,2013,4,14
700348,2013-11-11,2013,11,11
700349,2012-10-17,2012,10,17
700350,2012-10-16,2012,10,16
700351,2014-02-03,2014,2,3
700352,2013-12-10,2013,12,10
700353,2013-09-23,2013,9,23
700354,2013-01-05,2013,1,5
700355,2014-12-31,2014,12,31
700356,2013-11-19,2013,11,19
700357,2011-09-17,2011,9,17
700358,2014-05-15,2014,5,15
700359,2014-09-11,2014,9,11
700360,2013-06-19,2013,6,19
700361,2013-11-30,2013,11,30
700362,2014-02-14,2014,2,14
700363,2013-08-07,2013,8,7
700364,2011-03-25,2011,3,25
700365,2014-05-07,2014,5,7
700366,2013-06-22,2013,6,22
700367,2014-08-28,2014,8,28
700368,2012-05-29,2012,5,29
700369,2014-05-21,2014,5,21
700370,2013-04-30,2013,4,30
700371,2014-10-15,2014,10,15
700372,2012-05-13,2012,5,13
700373,2013-06-24,2013,6,24
700374,2012-05-06,2012,5,6
700375,2014-12-12,2014,12,12
700376,2011-12-11,2011,12,11
700377,2013-09-15,2013,9,15
700378,2011-03-05,2011,3,5
700379,2012-01-06,2012,1,6
700380,2012-11-03,2012,11,3
700381,2013-08-17,2013,8,17
700382,2014-10-06,2014,10,6
700383,2014-03-03,2014,3,3
700384,2014-07-08,2014,7,8
700385,2012-05-21,2012,5,21
700386,2011-08-06,2011,8,6
700387,2013-02-16,2013,2,16
700388,2012-05-23,2012,5,23
700389,2013-08-21,2013,8,21
700390,2014-05-31,2014,5,31
700391,2012-08-29,2012,8,29
700392,2014-07-05,2014,7,5
700393,2012-03-17,2012,3,17
700394,2014-10-04,2014,10,4
700395,2014-08-12,2014,8,12
700396,2013-09-09,2013,9,9
700397,2011-11-02,2011,11,2
700398,2012-10-21,2012,10,21
700399,2014-02-18,2014,2,18
700400,2012-02-29,2012,2,29
700401,2012-12-10,2012,12,10
700402,2012-12-14,2012,12,14
700403,2014-06-21,2014,6,21
700404,2012-12-22,2012,12,22
700405,2014-05-17,2014,5,17
700406,2014-12-22,2014,12,22
700407,2014-11-11,2014,11,11
700408,2013-06-14,2013,6,14
700409,2012-05-12,2012,5,12
700410,2013-09-13,2013,9,13
700411,2014-10-14,2014,10,14
700412,2013-05-12,2013,5,12
700413,2013-10-15,2013,10,15
700414,2011-03-13,2011,3,13
700415,2012-12-23,2012,12,23
700416,2012-06-22,2012,6,22
700417,2013-02-09,2013,2,9
700418,2012-06-26,2012,6,26
700419,2011-09-05,2011,9,5
700420,2011-12-13,2011,12,13
700421,2014-04-16,2014,4,16
700422,2014-11-17,2014,11,17
700423,2011-09-02,2011,9,2
700424,2014-08-07,2014,8,7
700425,2012-05-09,2012,5,9
700426,2012-08-31,2012,8,31
700427,2013-01-31,2013,1,31
700428,2012-12-04,2012,12,4
700429,2013-05-23,2013,5,23
700430,2011-05-10,2011,5,10
700431,2011-10-29,2011,10,29
700432,2013-07-04,2013,7,4
700433,2012-12-27,2012,12,27
700434,2012-05-10,2012,5,10
700435,2011-01-12,2011,1,12
700436,2013-10-22,2013,10,22
700437,2012-07-09,2012,7,9
700438,2011-06-20,2011,6,20
700439,2012-01-11,2012,1,11
700440,2013-08-16,2013,8,16
700441,2012-04-14,2012,4,14
700442,2013-02-14,2013,2,14
700443,2014-10-07,2014,10,7
700444,2014-10-08,2014,10,8
700445,2014-04-27,2014,4,27
700446,2011-05-08,2011,5,8
700447,2011-10-10,2011,10,10
700448,2014-11-16,2014,11,16
700449,2014-11-19,2014,11,19
700450,2013-04-08,2013,4,8
700451,2014-10-12,2014,10,12
700452,2013-06-07,2013,6,7
700453,2012-08-22,2012,8,22
700454,2011-08-30,2011,8,30
700455,2014-10-18,2014,10,18
700456,2013-12-21,2013,12,21
700457,2012-06-25,2012,6,25
700458,2012-05-25,2012,5,25
700459,2013-05-03,2013,5,3
700460,2012-06-15,2012,6,15
700461,2014-11-22,2014,11,22
700462,2011-11-30,2011,11,30
700463,2012-08-24,2012,8,24
700464,2011-09-27,2011,9,27
700465,2013-10-19,2013,10,19
700466,2013-05-16,2013,5,16
700467,2011-10-01,2011,10,1
700468,2013-10-24,2013,10,24
700469,2014-08-14,2014,8,14
700470,2013-05-08,2013,5,8
700471,2013-07-15,2013,7,15
700472,2014-12-06,2014,12,6
700473,2014-01-13,2014,1,13
700474,2014-12-04,2014,12,4
700475,2013-01-21,2013,1,21
700476,2011-11-21,2011,11,21
700477,2014-12-28,2014,12,28
700478,2014-08-15,2014,8,15
700479,2013-01-10,2013,1,10
700480,2013-03-04,2013,3,4
700481,2013-12-20,2013,12,20
700482,2012-07-04,2012,7,4
700483,2013-07-03,2013,7,3
700484,2012-07-07,2012,7,7
700485,2011-04-13,2011,4,13
700486,2013-05-09,2013,5,9
700487,2013-10-09,2013,10,9
700488,2012-11-23,2012,11,23
700489,2013-11-08,2013,11,8
700490,2013-11-24,2013,11,24
700491,2015-01-03,2015,1,3
700492,2013-03-09,2013,3,9
700493,2013-03-19,2013,3,19
700494,2012-03-23,2012,3,23
700495,2014-05-29,2014,5,29
700496,2013-06-16,2013,6,16
700497,2011-10-18,2011,10,18
700498,2014-06-20,2014,6,20
700499,2013-12-11,2013,12,11
700500,2013-10-14,2013,10,14
700501,2011-12-28,2011,12,28
700502,2011-03-12,2011,3,12
700503,2014-01-29,2014,1,29
700504,2014-06-18,2014,6,18
700505,2013-01-11,2013,1,11
700506,2014-02-04,2014,2,4
700507,2011-06-27,2011,6,27
700508,2014-07-26,2014,7,26
700509,2013-10-01,2013,10,1
700510,2014-03-28,2014,3,28
700511,2014-06-01,2014,6,1
700512,2014-06-17,2014,6,17
700513,2011-11-16,2011,11,16
700514,2013-06-05,2013,6,5
700515,2014-02-21,2014,2,21
700516,2011-08-19,2011,8,19
700517,2012-03-11,2012,3,11
700518,2012-11-04,2012,11,4
700519,2015-01-01,2015,1,1
700520,2012-09-28,2012,9,28
700521,2013-02-23,2013,2,23
700522,2014-11-26,2014,11,26
700523,2014-09-29,2014,9,29
700524,2014-09-04,2014,9,4
700525,2011-11-03,2011,11,3
700526,2014-04-20,2014,4,20
700527,2011-02-25,2011,2,25
700528,2014-12-05,2014,12,5
700529,2013-07-11,2013,7,11
700530,2014-01-01,2014,1,1
700531,2012-03-30,2012,3,30
700532,2014-02-02,2014,2,2
700533,2012-06-02,2012,6,2
700534,2013-01-04,2013,1,4
700535,2012-11-25,2012,11,25
700536,2011-12-17,2011,12,17
700537,2014-06-23,2014,6,23
700538,2013-05-25,2013,5,25
700539,2011-12-31,2011,12,31
700540,2011-08-29,2011,8,29
700541,2014-09-06,2014,9,6
700542,2014-10-02,2014,10,2
700543,2015-01-02,2015,1,2
700544,2014-01-25,2014,1,25
700545,2013-07-18,2013,7,18
700546,2011-03-03,2011,3,3
700547,2014-03-31,2014,3,31
700548,2013-06-06,2013,6,6
700549,2011-05-23,2011,5,23
700550,2011-11-07,2011,11,7
700551,2012-01-07,2012,1,7
700552,2011-01-24,2011,1,24
700553,2014-12-14,2014,12,14
700554,2014-03-07,2014,3,7
700555,2013-12-24,2013,12,24
700556,2014-11-13,2014,11,13
700557,2011-06-13,2011,6,13
700558,2011-10-21,2011,10,21
700559,2012-04-30,2012,4,30
700560,2012-04-21,2012,4,21
700561,2012-07-01,2012,7,1
700562,2012-08-20,2012,8,20
700563,2014-08-18,2014,8,18
700564,2011-06-25,2011,6,25
700565,2014-05-10,2014,5,10
700566,2014-08-08,2014,8,8
700567,2011-08-23,2011,8,23
700568,2013-04-07,2013,4,7
700569,2014-09-07,2014,9,7
700570,2014-05-22,2014,5,22
700571,2013-04-25,2013,4,25
700572,2014-03-14,2014,3,14
700573,2012-09-16,2012,9,16
700574,2014-12-13,2014,12,13
700575,2011-12-10,2011,12,10
700576,2013-12-12,2013,12,12
700577,2013-12-17,2013,12,17
700578,2012-04-27,2012,4,27
700579,2012-12-03,2012,12,3
700580,2014-07-02,2014,7,2
700581,2014-01-22,2014,1,22
700582,2012-01-26,2012,1,26
700583,2012-07-12,2012,7,12
700584,2014-12-01,2014,12,1
700585,2012-12-09,2012,12,9
700586,2012-12-21,2012,12,21
700587,2014-05-16,2014,5,16
700588,2013-11-09,2013,11,9
700589,2011-11-13,2011,11,13
700590,2013-04-11,2013,4,11
700591,2014-06-13,2014,6,13
700592,2014-07-09,2014,7,9
700593,2013-05-05,2013,5,5
700594,2011-09-18,2011,9,18
700595,2012-04-04,2012,4,4
700596,2011-06-28,2011,6,28
700597,2014-09-26,2014,9,26
700598,2011-03-21,2011,3,21
700599,2012-10-31,2012,10,31
700600,2013-10-08,2013,10,8
700601,2012-11-15,2012,11,15
700602,2012-01-30,2012,1,30
700603,2013-12-07,2013,12,7
700604,2014-12-21,2014,12,21
700605,2013-10-20,2013,10,20
700606,2014-03-30,2014,3,30
700607,2014-01-08,2014,1,8
700608,2014-10-05,2014,10,5
700609,2014-10-20,2014,10,20
700610,2012-10-25,2012,10,25
700611,2011-09-26,2011,9,26
700612,2011-11-18,2011,11,18
700613,2011-10-06,2011,10,6
700614,2012-03-15,2012,3,15
700615,2014-10-22,2014,10,22
700616,2013-03-18,2013,3,18
700617,2014-07-16,2014,7,16
700618,2012-04-25,2012,4,25
700619,2013-10-17,2013,10,17
700620,2011-08-08,2011,8,8
700621,2011-11-19,2011,11,19
700622,2012-01-10,2012,1,10
700623,2014-10-10,2014,10,10
700624,2012-08-30,2012,8,30
700625,2012-06-11,2012,6,11
700626,2013-10-05,2013,10,5
700627,2011-12-19,2011,12,19
700628,2012-10-29,2012,10,29
700629,2013-02-25,2013,2,25
700630,2014-09-12,2014,9,12
700631,2012-03-19,2012,3,19
700632,2011-07-04,2011,7,4
700633,2012-09-12,2012,9,12
700634,2012-02-11,2012,2,11
700635,2013-06-12,2013,6,12
700636,2013-02-15,2013,2,15
700637,2011-05-14,2011,5,14
700638,2013-10-29,2013,10,29
700639,2013-08-14,2013,8,14
700640,2014-06-30,2014,6,30
700641,2014-05-30,2014,5,30
700642,2013-05-24,2013,5,24
700643,2011-08-15,2011,8,15
700644,2011-05-05,2011,5,5
700645,2013-08-27,2013,8,27
700646,2012-10-07,2012,10,7
700647,2013-06-26,2013,6,26
700648,2014-04-24,2014,4,24
700649,2013-11-20,2013,11,20
700650,2012-03-12,2012,3,12
700651,2013-06-04,2013,6,4
700652,2013-06-20,2013,6,20
700653,2012-09-25,2012,9,25
700654,2014-08-20,2014,8,20
700655,2014-08-26,2014,8,26
700656,2013-08-13,2013,8,13
700657,2013-01-26,2013,1,26
700658,2011-06-03,2011,6,3
700659,2011-09-13,2011,9,13
700660,2014-11-12,2014,11,12
700661,2011-08-07,2011,8,7
700662,2013-10-30,2013,10,30
700663,2011-02-14,2011,2,14
700664,2011-06-26,2011,6,26
700665,2014-10-28,2014,10,28
700666,2014-11-27,2014,11,27
700667,2012-09-14,2012,9,14
700668,2011-03-31,2011,3,31
700669,2013-11-26,2013,11,26
700670,2012-10-08,2012,10,8
700671,2013-01-08,2013,1,8
700672,2011-05-19,2011,5,19
700673,2012-10-03,2012,10,3
700674,2014-11-18,2014,11,18
700675,2012-04-23,2012,4,23
700676,2013-02-10,2013,2,10
700677,2014-01-24,2014,1,24
700678,2011-02-28,2011,2,28
700679,2012-11-14,2012,11,14
700680,2011-07-02,2011,7,2
700681,2012-11-05,2012,11,5
700682,2013-07-14,2013,7,14
700683,2012-03-09,2012,3,9
700684,2012-09-08,2012,9,8
700685,2011-06-09,2011,6,9
700686,2011-12-05,2011,12,5
700687,2013-07-07,2013,7,7
700688,2014-06-02,2014,6,2
700689,2013-01-09,2013,1,9
700690,2011-09-06,2011,9,6
700691,2011-05-02,2011,5,2
700692,2012-09-04,2012,9,4
700693,2013-09-16,2013,9,16
700694,2014-01-03,2014,1,3
700695,2014-10-09,2014,10,9
700696,2013-08-08,2013,8,8
700697,2011-07-24,2011,7,24
700698,2013-02-01,2013,2,1
700699,2012-12-25,2012,12,25
700700,2013-05-29,2013,5,29
700701,2014-02-22,2014,2,22
700702,2013-05-31,2013,5,31
700703,2012-12-19,2012,12,19
700704,2011-01-09,2011,1,9
700705,2013-07-10,2013,7,10
700706,2011-12-06,2011,12,6
700707,2012-07-06,2012,7,6
700708,2011-10-08,2011,10,8
700709,2014-08-02,2014,8,2
700710,2014-06-29,2014,6,29
700711,2012-07-27,2012,7,27
700712,2013-07-05,2013,7,5
700713,2012-01-20,2012,1,20
700714,2012-07-02,2012,7,2
700715,2012-05-05,2012,5,5
700716,2012-11-12,2012,11,12
700717,2011-01-19,2011,1,19
700718,2013-12-23,2013,12,23
700719,2014-07-10,2014,7,10
700720,2012-06-08,2012,6,8
700721,2013-08-23,2013,8,23
700722,2013-08-25,2013,8,25
700723,2014-02-07,2014,2,7
700724,2012-10-26,2012,10,26
700725,2012-05-17,2012,5,17
700726,2014-05-03,2014,5,3
700727,2014-05-28,2014,5,28
700728,2014-08-05,2014,8,5
700729,2011-11-14,2011,11,14
700730,2011-08-02,2011,8,2
700731,2012-07-03,2012,7,3
700732,2014-03-19,2014,3,19
700733,2014-12-09,2014,12,9
700734,2014-09-09,2014,9,9
700735,2011-07-05,2011,7,5
700736,2013-09-02,2013,9,2
700737,2013-11-28,2013,11,28
700738,2011-07-31,2011,7,31
700739,2012-04-02,2012,4,2
700740,2012-02-19,2012,2,19
700741,2014-10-26,2014,10,26
700742,2014-04-01,2014,4,1
700743,2014-11-30,2014,11,30
700744,2012-10-12,2012,10,12
700745,2011-06-01,2011,6,1
700746,2013-08-28,2013,8,28
700747,2014-02-08,2014,2,8
700748,2012-05-27,2012,5,27
700749,2013-08-15,2013,8,15
700750,2013-03-10,2013,3,10
700751,2014-11-01,2014,11,1
700752,2014-09-22,2014,9,22
700753,2014-10-16,2014,10,16
700754,2013-05-19,2013,5,19
700755,2013-07-26,2013,7,26
700756,2011-06-10,2011,6,10
700757,2013-11-13,2013,11,13
700758,2014-08-04,2014,8,4
700759,2013-11-01,2013,11,1
700760,2011-10-07,2011,10,7
700761,2013-12-08,2013,12,8
700762,2012-09-24,2012,9,24
700763,2012-04-07,2012,4,7
700764,2011-06-04,2011,6,4
700765,2011-05-18,2011,5,18
700766,2011-12-25,2011,12,25
700767,2011-06-22,2011,6,22
700768,2014-12-23,2014,12,23
700769,2012-09-06,2012,9,6
700770,2013-09-30,2013,9,30
700771,2013-08-09,2013,8,9
700772,2014-06-09,2014,6,9
700773,2013-08-24,2013,8,24
700774,2014-11-08,2014,11,8
700775,2014-12-02,2014,12,2
700776,2013-12-05,2013,12,5
700777,2014-05-09,2014,5,9
700778,2012-02-23,2012,2,23
700779,2011-07-30,2011,7,30
700780,2012-01-16,2012,1,16
700781,2012-11-20,2012,11,20
700782,2013-10-28,2013,10,28
700783,2013-05-21,2013,5,21
700784,2011-07-03,2011,7,3
700785,2014-08-22,2014,8,22
700786,2011-12-12,2011,12,12
700787,2014-04-07,2014,4,7
700788,2014-05-20,2014,5,20
700789,2014-04-25,2014,4,25
700790,2014-07-30,2014,7,30
700791,2014-07-29,2014,7,29
700792,2014-03-05,2014,3,5
700793,2014-06-16,2014,6,16
700794,2012-01-13,2012,1,13
700795,2014-01-27,2014,1,27
700796,2014-10-03,2014,10,3
700797,2013-04-13,2013,4,13
700798,2014-02-19,2014,2,19
700799,2012-06-24,2012,6,24
700800,2014-12-18,2014,12,18
700801,2011-08-03,2011,8,3
700802,2013-08-11,2013,8,11
700803,2012-08-23,2012,8,23
700804,2012-01-14,2012,1,14
700805,2013-12-16,2013,12,16
700806,2013-03-27,2013,3,27
700807,2013-09-06,2013,9,6
700808,2014-09-16,2014,9,16
700809,2013-04-15,2013,4,15
700810,2013-06-28,2013,6,28
700811,2014-02-28,2014,2,28
700812,2013-05-13,2013,5,13
700813,2014-02-25,2014,2,25
700814,2013-08-18,2013,8,18
700815,2012-11-26,2012,11,26
700816,2012-10-13,2012,10,13
700817,2013-07-12,2013,7,12
700818,2013-06-30,2013,6,30
700819,2012-08-26,2012,8,26
700820,2012-03-31,2012,3,31
700821,2011-10-02,2011,10,2
700822,2012-03-28,2012,3,28
700823,2011-07-09,2011,7,9
700824,2014-11-02,2014,11,2
700825,2012-09-10,2012,9,10
700826,2013-07-29,2013,7,29
700827,2013-01-18,2013,1,18
700828,2014-12-29,2014,12,29
700829,2011-03-04,2011,3,4
700830,2013-05-17,2013,5,17
700831,2014-07-27,2014,7,27
700832,2012-06-30,2012,6,30
700833,2013-02-11,2013,2,11
700834,2012-03-26,2012,3,26
700835,2014-05-24,2014,5,24
700836,2011-04-20,2011,4,20
700837,2011-09-20,2011,9,20
700838,2011-07-14,2011,7,14
700839,2014-08-13,2014,8,13
700840,2012-01-19,2012,1,19
700841,2014-10-29,2014,10,29
700842,2011-12-27,2011,12,27
700843,2012-06-06,2012,6,6
700844,2013-12-13,2013,12,13
700845,2014-12-30,2014,12,30
700846,2013-11-12,2013,11,12
700847,2012-12-11,2012,12,11
700848,2011-02-21,2011,2,21
700849,2014-07-06,2014,7,6
700850,2013-08-19,2013,8,19
700851,2013-04-06,2013,4,6
700852,2013-02-06,2013,2,6
700853,2011-04-25,2011,4,25
700854,2011-09-08,2011,9,8
700855,2014-01-05,2014,1,5
700856,2011-01-22,2011,1,22
700857,2013-09-21,2013,9,21
700858,2014-02-09,2014,2,9
700859,2011-09-01,2011,9,1
700860,2012-07-26,2012,7,26
700861,2011-11-01,2011,11,1
700862,2013-02-18,2013,2,18
700863,2014-04-26,2014,4,26
700864,2012-02-06,2012,2,6
700865,2011-08-22,2011,8,22
700866,2014-04-30,2014,4,30
700867,2011-07-22,2011,7,22
700868,2012-11-06,2012,11,6
700869,2013-09-19,2013,9,19
700870,2014-05-23,2014,5,23
700871,2012-04-12,2012,4,12
700872,2013-07-20,2013,7,20
700873,2014-04-02,2014,4,2
700874,2013-01-06,2013,1,6
700875,2012-10-30,2012,10,30
700876,2011-02-05,2011,2,5
700877,2011-08-18,2011,8,18
700878,2012-07-22,2012,7,22
700879,2011-12-26,2011,12,26
700880,2011-11-10,2011,11,10
700881,2011-11-26,2011,11,26
700882,2011-12-18,2011,12,18
700883,2013-12-28,2013,12,28
700884,2012-07-08,2012,7,8
700885,2012-09-27,2012,9,27
700886,2011-03-27,2011,3,27
700887,2012-08-13,2012,8,13
700888,2012-07-13,2012,7,13
700889,2014-05-27,2014,5,27
700890,2011-03-06,2011,3,6
700891,2012-12-31,2012,12,31
700892,2013-08-22,2013,8,22
700893,2011-06-07,2011,6,7
700894,2014-10-24,2014,10,24
700895,2013-06-23,2013,6,23
700896,2013-09-18,2013,9,18
700897,2012-03-24,2012,3,24
700898,2013-07-24,2013,7,24
700899,2012-12-16,2012,12,16
700900,2013-01-01,2013,1,1
700901,2012-10-24,2012,10,24
700902,2011-07-13,2011,7,13
700903,2013-08-10,2013,8,10
700904,2014-02-06,2014,2,6
700905,2013-01-16,2013,1,16
700906,2011-06-08,2011,6,8
700907,2013-07-31,2013,7,31
700908,2013-04-18,2013,4,18
700909,2011-10-15,2011,10,15
700910,2012-09-17,2012,9,17
700911,2012-08-27,2012,8,27
700912,2012-04-20,2012,4,20
700913,2011-01-16,2011,1,16
700914,2011-01-23,2011,1,23
700915,2011-05-15,2011,5,15
700916,2012-06-09,2012,6,9
700917,2013-01-14,2013,1,14
700918,2012-03-27,2012,3,27
700919,2012-08-18,2012,8,18
700920,2012-06-03,2012,6,3
700921,2011-01-21,2011,1,21
700922,2012-01-27,2012,1,27
700923,2011-06-12,2011,6,12
700924,2014-04-28,2014,4,28
700925,2012-11-02,2012,11,2
700926,2012-05-30,2012,5,30
700927,2013-05-11,2013,5,11
700928,2012-05-18,2012,5,18
700929,2013-11-03,2013,11,3
700930,2012-11-07,2012,11,7
700931,2013-05-02,2013,5,2
700932,2012-06-18,2012,6,18
700933,2011-09-07,2011,9,7
700934,2012-10-04,2012,10,4
700935,2012-05-15,2012,5,15
700936,2011-12-16,2011,12,16
700937,2014-03-01,2014,3,1
700938,2012-11-18,2012,11,18
700939,2011-06-06,2011,6,6
700940,2011-08-16,2011,8,16
700941,2011-04-06,2011,4,6
700942,2013-09-28,2013,9,28
700943,2011-10-20,2011,10,20
700944,2011-04-16,2011,4,16
700945,2012-01-01,2012,1,1
700946,2014-05-06,2014,5,6
700947,2013-10-16,2013,10,16
700948,2014-03-26,2014,3,26
700949,2012-01-04,2012,1,4
700950,2014-03-15,2014,3,15
700951,2013-01-02,2013,1,2
700952,2013-09-25,2013,9,25
700953,2014-10-19,2014,10,19
700954,2013-11-17,2013,11,17
700955,2012-06-07,2012,6,7
700956,2012-06-04,2012,6,4
700957,2014-05-14,2014,5,14
700958,2011-07-28,2011,7,28
700959,2013-09-17,2013,9,17
700960,2013-08-12,2013,8,12
700961,2014-02-24,2014,2,24
700962,2014-01-15,2014,1,15
700963,2014-09-10,2014,9,10
700964,2013-09-08,2013,9,8
700965,2011-11-04,2011,11,4
700966,2011-04-21,2011,4,21
700967,2011-03-11,2011,3,11
700968,2014-01-12,2014,1,12
700969,2013-03-16,2013,3,16
700970,2014-12-15,2014,12,15
700971,2012-09-09,2012,9,9
700972,2011-09-16,2011,9,16
700973,2011-11-24,2011,11,24
700974,2011-01-10,2011,1,10
700975,2012-08-09,2012,8,9
700976,2014-06-08,2014,6,8
700977,2014-04-15,2014,4,15
700978,2013-09-04,2013,9,4
700979,2012-03-10,2012,3,10
700980,2012-09-18,2012,9,18
700981,2014-04-06,2014,4,6
700982,2012-11-30,2012,11,30
700983,2012-08-25,2012,8,25
700984,2011-08-28,2011,8,28
700985,2013-05-01,2013,5,1
700986,2014-09-23,2014,9,23
700987,2014-09-05,2014,9,5
700988,2014-06-10,2014,6,10
700989,2013-04-22,2013,4,22
700990,2014-12-10,2014,12,10
700991,2012-08-15,2012,8,15
700992,2013-03-05,2013,3,5
700993,2011-12-23,2011,12,23
700994,2012-09-23,2012,9,23
700995,2013-01-23,2013,1,23
700996,2012-12-20,2012,12,20
700997,2011-02-06,2011,2,6
700998,2012-01-03,2012,1,3
700999,2011-04-22,2011,4,22
701000,2012-05-02,2012,5,2
701001,2013-12-30,2013,12,30
701002,2011-10-19,2011,10,19
701003,2012-06-10,2012,6,10
701004,2014-10-27,2014,10,27
701005,2014-06-24,2014,6,24
701006,2013-11-15,2013,11,15
701007,2012-06-28,2012,6,28
701008,2011-11-12,2011,11,12
701009,2014-02-26,2014,2,26
701010,2012-05-20,2012,5,20
701011,2011-08-05,2011,8,5
701012,2012-09-26,2012,9,26
701013,2011-10-14,2011,10,14
701014,2013-01-17,2013,1,17
701015,2011-10-25,2011,10,25
701016,2013-03-17,2013,3,17
701017,2013-06-25,2013,6,25
701018,2011-01-03,2011,1,3
701019,2014-07-17,2014,7,17
701020,2014-02-13,2014,2,13
701021,2012-01-05,2012,1,5
701022,2012-07-17,2012,7,17
701023,2012-10-27,2012,10,27
701024,2013-02-26,2013,2,26
701025,2014-08-17,2014,8,17
701026,2013-02-27,2013,2,27
701027,2012-10-05,2012,10,5
701028,2013-04-29,2013,4,29
701029,2012-08-14,2012,8,14
701030,2014-03-24,2014,3,24
701031,2011-05-04,2011,5,4
701032,2014-03-16,2014,3,16
701033,2013-12-15,2013,12,15
701034,2011-12-04,2011,12,4
701035,2013-12-09,2013,12,9
701036,2013-12-31,2013,12,31
701037,2013-02-12,2013,2,12
701038,2013-10-25,2013,10,25
701039,2011-10-22,2011,10,22
701040,2013-08-31,2013,8,31
701041,2014-01-28,2014,1,28
701042,2012-03-01,2012,3,1
701043,2014-04-19,2014,4,19
701044,2012-06-27,2012,6,27
701045,2012-01-08,2012,1,8
701046,2011-11-29,2011,11,29
701047,2013-09-10,2013,9,10
701048,2013-11-02,2013,11,2
701049,2013-07-09,2013,7,9
701050,2011-07-19,2011,7,19
701051,2013-02-03,2013,2,3
701052,2012-02-13,2012,2,13
701053,2012-02-18,2012,2,18
701054,2011-04-07,2011,4,7
701055,2014-09-30,2014,9,30
701056,2012-06-21,2012,6,21
701057,2012-05-04,2012,5,4
701058,2012-04-19,2012,4,19
701059,2014-07-24,2014,7,24
701060,2012-03-02,2012,3,2
701061,2014-02-10,2014,2,10
701062,2011-05-07,2011,5,7
701063,2013-12-27,2013,12,27
701064,2013-10-13,2013,10,13
701065,2011-03-26,2011,3,26
701066,2011-03-30,2011,3,30
701067,2011-04-26,2011,4,26
701068,2012-04-15,2012,4,15
701069,2013-08-03,2013,8,3
701070,2013-12-19,2013,12,19
701071,2011-06-18,2011,6,18
701072,2012-04-11,2012,4,11
701073,2014-09-24,2014,9,24
701074,2014-06-25,2014,6,25
701075,2011-12-02,2011,12,2
701076,2014-04-21,2014,4,21
701077,2014-01-20,2014,1,20
701078,2012-02-10,2012,2,10
701079,2013-07-16,2013,7,16
701080,2011-04-24,2011,4,24
701081,2013-11-21,2013,11,21
701082,2013-05-27,2013,5,27
701083,2012-10-22,2012,10,22
701084,2014-04-11,2014,4,11
701085,2014-08-10,2014,8,10
701086,2014-07-11,2014,7,11
701087,2014-01-14,2014,1,14
701088,2011-11-28,2011,11,28
701089,2012-10-01,2012,10,1
701090,2013-11-16,2013,11,16
701091,2014-08-24,2014,8,24
701092,2013-06-11,2013,6,11
701093,2014-08-30,2014,8,30
701094,2013-10-07,2013,10,7
701095,2011-04-02,2011,4,2
701096,2012-02-28,2012,2,28
701097,2011-02-11,2011,2,11
701098,2012-06-16,2012,6,16
701099,2014-03-09,2014,3,9
701100,2013-04-09,2013,4,9
701101,2012-05-16,2012,5,16
701102,2014-10-23,2014,10,23
701103,2012-10-10,2012,10,10
701104,2011-07-08,2011,7,8
701105,2013-08-05,2013,8,5
701106,2011-08-13,2011,8,13
701107,2013-02-21,2013,2,21
701108,2014-03-04,2014,3,4
701109,2013-09-01,2013,9,1
701110,2013-11-14,2013,11,14
701111,2011-08-10,2011,8,10
701112,2014-06-03,2014,6,3
701113,2013-03-25,2013,3,25
701114,2014-07-03,2014,7,3
701115,2011-12-22,2011,12,22
701116,2012-03-21,2012,3,21
701117,2013-01-25,2013,1,25
701118,2011-12-07,2011,12,7
701119,2013-03-22,2013,3,22
701120,2013-07-08,2013,7,8
701121,2014-01-10,2014,1,10
701122,2011-10-04,2011,10,4
701123,2014-05-05,2014,5,5
701124,2011-11-27,2011,11,27
701125,2013-06-03,2013,6,3
701126,2014-03-27,2014,3,27
701127,2012-11-01,2012,11,1
701128,2011-09-19,2011,9,19
701129,2014-05-11,2014,5,11
701130,2011-12-09,2011,12,9
701131,2012-05-01,2012,5,1
701132,2011-05-06,2011,5,6
701133,2012-01-17,2012,1,17
701134,2013-01-12,2013,1,12
701135,2012-09-11,2012,9,11
701136,2013-06-21,2013,6,21
701137,2014-08-21,2014,8,21
701138,2012-11-11,2012,11,11
701139,2011-03-08,2011,3,8
701140,2013-03-20,2013,3,20
701141,2011-07-23,2011,7,23
701142,2011-04-27,2011,4,27
701143,2014-08-11,2014,8,11
701144,2012-11-29,2012,11,29
701145,2013-05-10,2013,5,10
701146,2012-05-14,2012,5,14
701147,2012-12-13,2012,12,13
701148,2011-04-23,2011,4,23
701149,2012-02-22,2012,2,22
701150,2014-04-04,2014,4,4
701151,2011-09-11,2011,9,11
701152,2013-07-17,2013,7,17
701153,2013-10-06,2013,10,6
701154,2013-05-14,2013,5,14
701155,2013-07-06,2013,7,6
701156,2012-10-23,2012,10,23
701157,2013-07-25,2013,7,25
701158,2013-03-14,2013,3,14
701159,2013-09-29,2013,9,29
701160,2012-02-17,2012,2,17
701161,2012-06-23,2012,6,23
701162,2012-09-03,2012,9,3
701163,2013-02-28,2013,2,28
701164,2012-11-22,2012,11,22
701165,2014-01-17,2014,1,17
701166,2011-01-26,2011,1,26
701167,2014-01-09,2014,1,9
701168,2014-04-10,2014,4,10
701169,2014-06-15,2014,6,15
701170,2011-04-03,2011,4,3
701171,2011-04-11,2011,4,11
701172,2012-01-02,2012,1,2
701173,2013-04-24,2013,4,24
701174,2012-07-14,2012,7,14
701175,2011-06-29,2011,6,29
701176,2012-12-29,2012,12,29
701177,2012-11-16,2012,11,16
701178,2013-07-21,2013,7,21
701179,2014-09-15,2014,9,15
701180,2011-04-01,2011,4,1
701181,2014-07-07,2014,7,7
701182,2014-05-02,2014,5,2
701183,2011-05-28,2011,5,28
701184,2011-03-24,2011,3,24
701185,2013-10-23,2013,10,23
701186,2013-10-11,2013,10,11
701187,2012-10-19,2012,10,19
701188,2011-08-26,2011,8,26
701189,2014-02-23,2014,2,23
701190,2011-10-05,2011,10,5
701191,2011-04-19,2011,4,19
701192,2012-01-29,2012,1,29
701193,2012-04-28,2012,4,28
701194,2011-01-20,2011,1,20
701195,2011-05-27,2011,5,27
701196,2013-03-30,2013,3,30
701197,2012-02-27,2012,2,27
701198,2011-10-16,2011,10,16
701199,2011-07-17,2011,7,17
701200,2013-02-02,2013,2,2
701201,2013-04-03,2013,4,3
701202,2012-11-10,2012,11,10
701203,2011-03-10,2011,3,10
701204,2012-09-05,2012,9,5
701205,2013-10-21,2013,10,21
701206,2013-07-22,2013,7,22
701207,2014-07-31,2014,7,31
701208,2011-01-18,2011,1,18
701209,2011-07-27,2011,7,27
701210,2013-04-20,2013,4,20
701211,2012-04-03,2012,4,3
701212,2011-04-18,2011,4,18
701213,2014-03-11,2014,3,11
701214,2012-07-10,2012,7,10
701215,2014-03-02,2014,3,2
701216,2011-05-24,2011,5,24
701217,2013-04-26,2013,4,26
701218,2012-05-03,2012,5,3
701219,2013-04-27,2013,4,27
701220,2013-09-26,2013,9,26
701221,2011-08-14,2011,8,14
701222,2012-07-18,2012,7,18
701223,2014-07-21,2014,7,21
701224,2011-08-04,2011,8,4
701225,2014-04-22,2014,4,22
701226,2012-04-16,2012,4,16
701227,2011-03-09,2011,3,9
701228,2011-05-30,2011,5,30
701229,2012-03-18,2012,3,18
701230,2014-02-20,2014,2,20
701231,2011-10-23,2011,10,23
701232,2011-10-27,2011,10,27
701233,2013-04-05,2013,4,5
701234,2012-10-20,2012,10,20
701235,2012-09-20,2012,9,20
701236,2013-03-24,2013,3,24
701237,2011-03-01,2011,3,1
701238,2011-01-07,2011,1,7
701239,2013-03-02,2013,3,2
701240,2012-04-13,2012,4,13
701241,2012-12-12,2012,12,12
701242,2011-09-03,2011,9,3
701243,2013-01-22,2013,1,22
701244,2011-03-22,2011,3,22
701245,2014-06-06,2014,6,6
701246,2012-10-18,2012,10,18
701247,2012-07-11,2012,7,11
701248,2014-01-31,2014,1,31
701249,2014-04-14,2014,4,14
701250,2012-03-16,2012,3,16
701251,2012-11-19,2012,11,19
701252,2013-10-26,2013,10,26
701253,2012-05-24,2012,5,24
701254,2013-02-04,2013,2,4
701255,2012-07-25,2012,7,25
701256,2011-10-30,2011,10,30
701257,2011-05-13,2011,5,13
701258,2011-02-20,2011,2,20
701259,2013-02-17,2013,2,17
701260,2011-07-16,2011,7,16
701261,2013-07-13,2013,7,13
701262,2012-01-09,2012,1,9
701263,2014-01-26,2014,1,26
701264,2011-07-26,2011,7,26
701265,2013-03-11,2013,3,11
701266,2014-06-14,2014,6,14
701267,2011-05-12,2011,5,12
701268,2011-05-31,2011,5,31
701269,2012-01-21,2012,1,21
701270,2012-06-01,2012,6,1
701271,2012-01-23,2012,1,23
701272,2013-04-12,2013,4,12
701273,2011-03-19,2011,3,19
701274,2013-01-19,2013,1,19
701275,2014-07-15,2014,7,15
701276,2014-07-12,2014,7,12
701277,2012-08-17,2012,8,17
701278,2011-02-02,2011,2,2
701279,2013-07-02,2013,7,2
701280,2013-03-28,2013,3,28
701281,2011-04-12,2011,4,12
701282,2011-06-30,2011,6,30
701283,2011-05-29,2011,5,29
701284,2011-08-27,2011,8,27
701285,2013-05-18,2013,5,18
701286,2011-08-24,2011,8,24
701287,2012-06-29,2012,6,29
701288,2012-04-24,2012,4,24
701289,2012-11-09,2012,11,9
701290,2011-02-24,2011,2,24
701291,2012-03-05,2012,3,5
701292,2011-03-23,2011,3,23
701293,2013-08-06,2013,8,6
701294,2013-03-29,2013,3,29
701295,2012-11-28,2012,11,28
701296,2012-03-25,2012,3,25
701297,2014-01-06,2014,1,6
701298,2012-02-12,2012,2,12
701299,2013-07-23,2013,7,23
701300,2011-05-16,2011,5,16
701301,2012-11-21,2012,11,21
701302,2011-10-12,2011,10,12
701303,2013-04-04,2013,4,4
701304,2014-02-17,2014,2,17
701305,2013-07-19,2013,7,19
701306,2012-08-21,2012,8,21
701307,2012-01-25,2012,1,25
701308,2011-12-15,2011,12,15
701309,2011-02-04,2011,2,4
701310,2011-11-17,2011,11,17
701311,2012-12-01,2012,12,1
701312,2014-04-29,2014,4,29
701313,2011-01-29,2011,1,29
701314,2011-02-07,2011,2,7
701315,2012-09-30,2012,9,30
701316,2012-03-29,2012,3,29
701317,2011-01-14,2011,1,14
701318,2011-07-12,2011,7,12
701319,2011-05-01,2011,5,1
701320,2011-07-25,2011,7,25
701321,2012-09-07,2012,9,7
701322,2011-09-29,2011,9,29
701323,2012-02-21,2012,2,21
701324,2014-02-05,2014,2,5
701325,2012-03-07,2012,3,7
701326,2014-12-16,2014,12,16
701327,2012-05-22,2012,5,22
701328,2011-04-28,2011,4,28
701329,2011-01-30,2011,1,30
701330,2014-03-12,2014,3,12
701331,2012-08-01,2012,8,1
701332,2012-07-20,2012,7,20
701333,2014-03-20,2014,3,20
701334,2012-02-24,2012,2,24
701335,2011-04-29,2011,4,29
701336,2013-02-24,2013,2,24
701337,2012-04-17,2012,4,17
701338,2011-02-10,2011,2,10
701339,2014-04-08,2014,4,8
701340,2012-07-24,2012,7,24
701341,2013-04-02,2013,4,2
701342,2012-04-06,2012,4,6
701343,2011-07-29,2011,7,29
701344,2014-01-07,2014,1,7
701345,2011-02-13,2011,2,13
701346,2013-05-22,2013,5,22
701347,2012-03-08,2012,3,8
701348,2012-08-03,2012,8,3
701349,2013-01-20,2013,1,20
701350,2013-02-08,2013,2,8
701351,2013-05-15,2013,5,15
701352,2011-02-03,2011,2,3
701353,2012-04-09,2012,4,9
701354,2011-08-12,2011,8,12
701355,2014-03-06,2014,3,6
701356,2011-03-16,2011,3,16
701357,2014-07-28,2014,7,28
701358,2014-01-21,2014,1,21
701359,2011-08-25,2011,8,25
701360,2013-05-26,2013,5,26
701361,2012-05-19,2012,5,19
701362,2015-01-05,2015,1,5
701363,2011-04-05,2011,4,5
701364,2012-07-30,2012,7,30
701365,2012-04-10,2012,4,10
701366,2011-01-17,2011,1,17
701367,2012-07-05,2012,7,5
701368,2011-02-09,2011,2,9
701369,2013-03-03,2013,3,3
701370,2013-03-21,2013,3,21
701371,2011-05-09,2011,5,9
701372,2012-05-08,2012,5,8
701373,2011-04-15,2011,4,15
701374,2014-04-09,2014,4,9
701375,2012-02-07,2012,2,7
701376,2011-03-07,2011,3,7
701377,2013-02-19,2013,2,19
701378,2014-03-10,2014,3,10
701379,2012-01-28,2012,1,28
701380,2011-04-10,2011,4,10
701381,2015-01-04,2015,1,4
701382,2014-07-22,2014,7,22
701383,2011-05-22,2011,5,22
701384,2012-02-14,2012,2,14
701385,2011-03-02,2011,3,2
701386,2011-05-11,2011,5,11
701387,2011-01-31,2011,1,31
701388,2014-03-25,2014,3,25
701389,2011-03-18,2011,3,18
701390,2012-02-01,2012,2,1
701391,2012-01-22,2012,1,22
701392,2012-02-04,2012,2,4
701393,2011-07-01,2011,7,1
701394,2012-02-02,2012,2,2
701395,2013-04-17,2013,4,17
701396,2011-06-15,2011,6,15
701397,2012-07-21,2012,7,21
701398,2012-09-13,2012,9,13
701399,2011-07-18,2011,7,18
701400,2014-05-08,2014,5,8
701401,2011-09-04,2011,9,4
701402,2011-06-23,2011,6,23
701403,2011-10-09,2011,10,9
701404,2011-03-28,2011,3,28
701405,2011-06-16,2011,6,16
701406,2012-02-20,2012,2,20
701407,2011-03-14,2011,3,14
701408,2012-01-12,2012,1,12
701409,2012-03-13,2012,3,13
701410,2013-01-28,2013,1,28
701411,2013-01-29,2013,1,29
701412,2012-08-02,2012,8,2
701413,2012-05-11,2012,5,11
701414,2014-02-12,2014,2,12
701415,2011-01-06,2011,1,6
701416,2011-03-15,2011,3,15
701417,2012-10-06,2012,10,6
701418,2011-07-07,2011,7,7
701419,2011-10-26,2011,10,26
701420,2013-03-07,2013,3,7
701421,2012-06-05,2012,6,5
701422,2011-08-31,2011,8,31
701423,2012-02-16,2012,2,16
701424,2013-04-23,2013,4,23
701425,2011-01-08,2011,1,8
701426,2011-02-18,2011,2,18
701427,2012-03-03,2012,3,3
701428,2011-01-15,2011,1,15
701429,2011-09-09,2011,9,9
701430,2013-02-20,2013,2,20
701431,2011-02-27,2011,2,27
701432,2013-01-07,2013,1,7
701433,2011-07-10,2011,7,10
701434,2013-02-13,2013,2,13
701435,2013-09-12,2013,9,12
701436,2011-08-01,2011,8,1
701437,2011-03-20,2011,3,20
701438,2011-02-22,2011,2,22
701439,2011-03-29,2011,3,29
701440,2011-02-12,2011,2,12
701441,2012-03-06,2012,3,6
701442,2012-04-29,2012,4,29
701443,2012-02-03,2012,2,3
701444,2013-04-16,2013,4,16
701445,2012-07-29,2012,7,29
701446,2011-05-21,2011,5,21
701447,2015-01-06,2015,1,6
701448,2011-02-01,2011,2,1
701449,2012-03-14,2012,3,14
701450,2011-07-06,2011,7,6
701451,2011-04-14,2011,4,14
701452,2011-07-21,2011,7,21
701453,2011-01-28,2011,1,28
701454,2011-07-11,2011,7,11
701455,2011-02-23,2011,2,23
701456,2011-01-25,2011,1,25
701457,2015-01-07,2015,1,7
701458,2011-02-08,2011,2,8
701459,2012-01-24,2012,1,24
701460,2012-02-15,2012,2,15
701461,2012-07-23,2012,7,23
701462,2012-04-08,2012,4,8
701463,2011-01-05,2011,1,5
